{
    "NaturalGas" : {
        "hhv" : 50235,
        "unit" : "kg",
        "ff" : {
            "co2" : 50.23439,
            "co" : 0.0351641,
            "ch4" : 0.000962826,
            "nox" : 0.0418620,
            "n2o" : 0.000920964,
            "so2" : 0.000251172,
            "pm" : 0.00318151,
            "pm10" : 0.00238613,
            "pm2.5" : 0.000795378,
            "nh3" : 0,
            "nmvoc" : 0.00230241,
            "hg" : 0.000000108841,
            "pb" : 0.000000209310
          }
    },
    "PropaneGas" : {
        "hhv" : 52225,
        "unit" : "kg",
        "ff" :  {
            "co2" : 68.47995,
            "co" : 0.0154,
            "ch4" : 0.000663,
            "nox" : 0.0737,
            "n2o" : 0.000338,
            "so2" : 0.482,
            "pm" : 0.00614,
            "pm10" : 0.00332,
            "pm2.5" : 0.00255,
            "nh3" : 0,
            "nmvoc" : 0.00104,
            "hg" : 0.00000347,
            "pb" : 0.00000464
          }
    },
    "Gasoline" : {
        "hhv" : 45577,
        "unit" : "kg",
        "ff" : {
            "co2" : 68.20808,
            "co" : 27,
            "ch4" : 0,
            "nox" : 0.701,
            "n2o" : 0,
            "so2" : 0.0361,
            "pm" : 0,
            "pm10" : 0.043,
            "pm2.5" : 0,
            "nh3" : 0,
            "nmvoc" : 0.903,
            "hg" : 0,
            "pb" : 0
          }
    },
    "Diesel" : {
        "hhv" : 45766,
        "unit" : "kg",
        "ff" : {
            "co2" : 70.50731,
            "co" : 0.408,
            "ch4" : 0,
            "nox" : 1.9,
            "n2o" :0,
            "so2" : 0.125,
            "pm" : 0,
            "pm10" : 0.133,
            "pm2.5" : 0,
            "nh3" : 0,
            "nmvoc" : 0.15,
            "hg" : 0,
            "pb" : 0
          }
    }
}